"1";"AGUJA PUNTA ROMA";"5";"0.1";"5";"0.48";"PROESCOLAR";"0.095";"5";"0.1235";"0000-00-00 00:00:00";"0000-00-00 00:00:00";"A"
"2";"BOLA ENSARTAR/CUENTAS #20(100)";"300";"0.0269";"5";"7.67";"PROESCOLAR";"0.025555";"300";"0.0332215";"0000-00-00 00:00:00";"0000-00-00 00:00:00";"A"
"3";"BORRADOR BL. 621 NATARAJ (100)";"100";"0.0491";"5";"4.66";"PROESCOLAR";"0.046645";"75";"0.1";"0000-00-00 00:00:00";"2016-05-18 11:58:49";"A"
"4";"BORRADOR PIZARRA UNI. MADERA";"12";"0.312";"5";"3.56";"PROESCOLAR";"0.2964";"12";"0.6";"0000-00-00 00:00:00";"2016-05-21 20:15:37";"A"
"5";"CARPETA LISTADO 30H";"12";"1.5618";"5";"17.8";;"1.48371";"12";"1.92882";"0000-00-00 00:00:00";"0000-00-00 00:00:00";"A"
"6";"CARPETA PORTAFOLIO LIGA 13 DIVISIONES";"10";"3.3263";"5";"31.6";"PROESCOLAR";"3.15999";"10";"4.10798";"0000-00-00 00:00:00";"0000-00-00 00:00:00";"A"
"7";"CARPETA TRANSPARENTE OFICIO";"30";"0.4051";"5";"11.55";"PROESCOLAR";"0.384845";"30";"0.500299";"0000-00-00 00:00:00";"0000-00-00 00:00:00";"A"
"8";"CARTULINA HILOS A4 200gr";"100";"0.0525";"5";"4.99";"PROESCOLAR";"0.049875";"100";"0.0648375";"0000-00-00 00:00:00";"0000-00-00 00:00:00";"A"
"9";"CARTULINA NEGRA INEN A4";"50";"0.0369";"5";"1.75";"PROESCOLAR";"0.035055";"50";"0.05";"0000-00-00 00:00:00";"2016-05-18 12:00:52";"A"
"10";"CARTULINA ROJA INEN A4";"50";"0.0438";"5";"2.08";"PROESCOLAR";"0.04161";"50";"0.1";"0000-00-00 00:00:00";"2016-05-18 12:02:06";"A"
"11";"CHENILLAS";"24";"0.02";"0";"0.48";"TEMPORADA";"0.02";"24";"0.026";"0000-00-00 00:00:00";"0000-00-00 00:00:00";"A"
"12";"CINTA SCOHT 18mm X 36 Y";"12";"0.1542";"5";"1.76";;"0.14649";"12";"0.25";"0000-00-00 00:00:00";"2016-05-18 12:00:23";"A"
"13";"CONTRATO ARRIENDO-COMPRA-TRABAJO";"150";"0.03";"5";"4.28";"PROESCOLAR";"0.0285";"150";"0.03705";"0000-00-00 00:00:00";"0000-00-00 00:00:00";"A"
"14";"CORRECTOR BESTERPLUMA 7ML";"12";"0.5048";"5";"5.75";"PROESCOLAR";"0.47956";"12";"0.623428";"0000-00-00 00:00:00";"0000-00-00 00:00:00";"A"
"15";"CUADERNO 100H ACADEMICO ESCRIBE (C 1 2 4)";"12";"1.0149";"5";"11.57";;"0.964155";"12";"1.2534";"0000-00-00 00:00:00";"0000-00-00 00:00:00";"A"
"16";"CUADERNO 100H COSIDO ESCRIBE(C 1 2 4)";"12";"0.9494";"5";"10.82";"PROESCOLAR";"0.90193";"12";"1.17251";"0000-00-00 00:00:00";"0000-00-00 00:00:00";"A"
"17";"CUADERNO 100H JUNIOR ESPIRAL (C 1 2 4)";"24";"0.6275";"5";"14.31";"PROESCOLAR";"0.596125";"24";"0.774962";"0000-00-00 00:00:00";"0000-00-00 00:00:00";"A"
"18";"CUADERNO 30H JUNIOR ESPIRAL (C 1 2 4)";"15";"0.4359";"5";"6.21";"PROESCOLAR";"0.414105";"15";"0.538337";"0000-00-00 00:00:00";"0000-00-00 00:00:00";"A"
"19";"CUADERNO 60H ACADEMICO (C.1.2.4)";"12";"0.7973";"5";"9.09";;"0.757435";"12";"0.984666";"0000-00-00 00:00:00";"0000-00-00 00:00:00";"A"
"20";"CUADERNO 60H JUNIOR ESPIRAL (C 1 2 4)";"15";"0.4359";"5";"6.21";;"0.414105";"15";"0.538337";"0000-00-00 00:00:00";"0000-00-00 00:00:00";"A"
"21";"DICCIONARIO CHICAGO INGLES BOND";"1";"1.9";"5";"1.81";;"1.805";"1";"2.3465";"0000-00-00 00:00:00";"0000-00-00 00:00:00";"A"
"22";"DOC. MERCANTIL 41 VERNAZ (FUNDA)";"12";"0.4662";"5";"5.31";"PROESCOLAR";"0.44289";"12";"0.575757";"0000-00-00 00:00:00";"0000-00-00 00:00:00";"A"
"23";"ENGRAMPADORA EAGLE S6120B";"6";"1.9268";"5";"10.98";"PROESCOLAR";"1.83046";"6";"2.3796";"0000-00-00 00:00:00";"0000-00-00 00:00:00";"A"
"24";"ESCARCHA FRASCO T/SALERO";"12";"0.1953";"5";"2.23";"PROESCOLAR";"0.185535";"12";"0.241195";"0000-00-00 00:00:00";"0000-00-00 00:00:00";"A"
"25";"ESFERO BIC FINO (AZ-RJ-NG)";"72";"0.2563";"5";"17.53";"PROESCOLAR";"0.243485";"10";"0.35";"0000-00-00 00:00:00";"2016-05-18 11:59:21";"A"
"26";"ESFERO NATARAJ FINO (9 COLOR)";"10";"0.2721";"5";"2.58";"PROESCOLAR";"0.258495";"10";"0.4";"0000-00-00 00:00:00";"2016-05-18 12:00:05";"A"
"27";"ESFERO STEADTLER 430 F METAL RJ-VR";"10";"0.3989";"5";"3.79";"PROESCOLAR";"0.378955";"10";"0.492642";"0000-00-00 00:00:00";"0000-00-00 00:00:00";"A"
"28";"ESFERO STEADTLER BALL 432 AZ-NG";"10";"0.314";"5";"2.98";"PROESCOLAR";"0.2983";"10";"0.38779";"0000-00-00 00:00:00";"0000-00-00 00:00:00";"A"
"29";"ESPUMA FLEX 50X50 PLANCHA 2CM";"12";"0.4406";"5";"5.02";"PROESCOLAR";"0.41857";"12";"0.6";"0000-00-00 00:00:00";"2016-05-19 13:19:44";"A"
"30";"ESPUMA FLEX BOLA N? 04";"25";"0.06";"5";"1.43";;"0.057";"25";"0.0741";"0000-00-00 00:00:00";"0000-00-00 00:00:00";"A"
"31";"ESPUMA FLEX BOLA N? 05";"25";"0.0694";"5";"1.65";;"0.06593";"25";"0.085709";"0000-00-00 00:00:00";"0000-00-00 00:00:00";"A"
"32";"ESPUMA FLEX BOLA N? 06";"12";"0.105";"5";"1.2";;"0.09975";"12";"0.129675";"0000-00-00 00:00:00";"0000-00-00 00:00:00";"A"
"33";"ESPUMA FLEX BOLA N? 07";"12";"0.1367";"5";"1.56";;"0.129865";"12";"0.168824";"0000-00-00 00:00:00";"0000-00-00 00:00:00";"A"
"34";"ESPUMA FLEX BOLA N? 10";"12";"0.2799";"5";"3.19";;"0.265905";"12";"0.345677";"0000-00-00 00:00:00";"0000-00-00 00:00:00";"A"
"35";"FOMIX ESCARCHA A4";"12";"0.2114";"5";"2.41";"PROESCOLAR";"0.20083";"12";"0.261079";"0000-00-00 00:00:00";"0000-00-00 00:00:00";"A"
"36";"FOMIX INEN A4 20 COLORES";"12";"0.0941";"5";"1.07";"PROESCOLAR";"0.089395";"12";"0.116214";"0000-00-00 00:00:00";"0000-00-00 00:00:00";"A"
"37";"FORMATO 120GR F-A4";"250";"0.0136";"5";"3.23";"PROESCOLAR";"0.01292";"250";"0.016796";"0000-00-00 00:00:00";"0000-00-00 00:00:00";"A"
"38";"FORMATO MARGEN A4";"100";"0.0295";"5";"2.8";;"0.028025";"100";"0.0364325";"0000-00-00 00:00:00";"0000-00-00 00:00:00";"A"
"39";"FORRO INDIVIDUAL DISNEY GRANDE";"100";"0.065";"5";"6.18";;"0.06175";"100";"0.080275";"0000-00-00 00:00:00";"0000-00-00 00:00:00";"A"
"40";"FORRO MICA CUADERNO ACADEMICO";"30";"0.2295";"5";"6.54";;"0.218025";"30";"0.283433";"0000-00-00 00:00:00";"0000-00-00 00:00:00";"A"
"41";"FORRO MICA CUADERNO JUNIOR";"30";"0.146";"5";"4.16";;"0.1387";"30";"0.18031";"0000-00-00 00:00:00";"0000-00-00 00:00:00";"A"
"42";"FORRO PLASTICO  NA/COSIDO 10X16 X3.5";"50";"0.065";"5";"3.09";;"0.06175";"50";"0.080275";"0000-00-00 00:00:00";"0000-00-00 00:00:00";"A"
"43";"FORRO PLASTICO ACADEMICO 12X18 X3.5";"100";"0.0794";"5";"7.54";"PROESCOLAR";"0.07543";"100";"0.098059";"0000-00-00 00:00:00";"0000-00-00 00:00:00";"A"
"44";"FORRO PLASTICO CARPETA CARIOCA3.5";"50";"0.1081";"5";"5.13";"PROESCOLAR";"0.102695";"50";"0.133503";"0000-00-00 00:00:00";"0000-00-00 00:00:00";"A"
"45";"FORROS";"24";"0.15";"0";"3.6";"TEMPORADA";"0.15";"24";"0.195";"0000-00-00 00:00:00";"0000-00-00 00:00:00";"A"
"46";"FORROS PLASTICO CUADERNO 9X13 X3.5";"100";"0.0425";"5";"4.04";;"0.040375";"100";"0.0524875";"0000-00-00 00:00:00";"0000-00-00 00:00:00";"A"
"47";"FORROS PLASTICOS 12X18";"50";"0.078";"0";"3.9";"TEMPORADA";"0.078";"50";"0.1014";"0000-00-00 00:00:00";"0000-00-00 00:00:00";"A"
"48";"FUNDA REGALO 02 MEDIUM T/0";"12";"0.2977";"5";"3.39";"PROESCOLAR";"0.282815";"12";"0.36766";"0000-00-00 00:00:00";"0000-00-00 00:00:00";"A"
"49";"GOMA BIOPLAST PEQUE?A 50gr";"12";"0.1295";"5";"1.48";"PROESCOLAR";"0.123025";"12";"0.159932";"0000-00-00 00:00:00";"0000-00-00 00:00:00";"A"
"50";"GOMA ESCARCHADA PITUKO 60gr";"12";"0.3554";"5";"4.05";"PROESCOLAR";"0.33763";"12";"0.438919";"0000-00-00 00:00:00";"0000-00-00 00:00:00";"A"
"51";"GRADUADOR CRISTAL 180 GRADOS";"25";"0.1793";"5";"4.26";"PROESCOLAR";"0.170335";"25";"0.221436";"0000-00-00 00:00:00";"0000-00-00 00:00:00";"A"
"52";"LANA ESCOLAR OVILLA 15GR";"12";"0.3333";"5";"3.8";"PROESCOLAR";"0.316635";"12";"0.5";"0000-00-00 00:00:00";"2016-05-18 12:01:36";"A"
"53";"LAPIZ BICOLOR FEBER CASTEL";"12";"0.2598";"5";"2.96";"PROESCOLAR";"0.24681";"12";"0.320853";"0000-00-00 00:00:00";"0000-00-00 00:00:00";"A"
"54";"LAPIZ MONGOL TRIANGULAR";"24";"0.2069";"5";"4.72";"PROESCOLAR";"0.196555";"24";"0.255522";"0000-00-00 00:00:00";"0000-00-00 00:00:00";"A"
"55";"LAPIZ NORICA STEAD. HB";"12";"0.161";"5";"1.84";;"0.15295";"12";"0.25";"0000-00-00 00:00:00";"2016-05-21 20:25:24";"A"
"56";"LAPIZ STEADTREL NUMERADO(TODOS)";"48";"0.5685";"5";"25.92";"PROESCOLAR";"0.540075";"48";"0.702097";"0000-00-00 00:00:00";"0000-00-00 00:00:00";"A"
"57";"LENTEJUELA  FI. BARRILITO (20)";"20";"0.1772";"5";"3.37";"PROESCOLAR";"0.16834";"20";"0.218842";"0000-00-00 00:00:00";"0000-00-00 00:00:00";"A"
"58";"LIBRETA ESCRIBE 100H NRO 1";"12";"0.2992";"0";"3.59";"PROESCOLAR";"0.2992";"12";"0.38896";"0000-00-00 00:00:00";"0000-00-00 00:00:00";"A"
"59";"LIGAS PARA BILLETES(KILO)";"1";"3.85";"5";"3.66";"PROESCOLAR";"3.6575";"1";"4.75475";"0000-00-00 00:00:00";"0000-00-00 00:00:00";"A"
"60";"LUPA PLASTICA LANCER 60MM";"12";"0.4838";"5";"5.52";"PROESCOLAR";"0.45961";"12";"0.597493";"0000-00-00 00:00:00";"0000-00-00 00:00:00";"A"
"61";"MARCADOR PERMANENTE 420 PELIKAN";"10";"0.3799";"5";"3.61";"PROESCOLAR";"0.360905";"10";"0.469177";"0000-00-00 00:00:00";"0000-00-00 00:00:00";"A"
"62";"MARCADOR PIZARRA 426 PELIKAN";"30";"0.4765";"5";"13.58";"PROESCOLAR";"0.452675";"30";"0.588477";"0000-00-00 00:00:00";"0000-00-00 00:00:00";"A"
"63";"MASKING FANTAPE 12MM X20Y";"6";"0.2783";"5";"1.59";"PROESCOLAR";"0.264385";"6";"0.3437";"0000-00-00 00:00:00";"0000-00-00 00:00:00";"A"
"64";"MASKING FANTAPE 18MM X20Y";"6";"0.3906";"5";"2.23";"PROESCOLAR";"0.37107";"6";"0.482391";"0000-00-00 00:00:00";"0000-00-00 00:00:00";"A"
"65";"MINAS FEBER CASTTEL 0.5 HB-2B-2H";"12";"0.217";"5";"2.47";"PROESCOLAR";"0.20615";"12";"0.267995";"0000-00-00 00:00:00";"0000-00-00 00:00:00";"A"
"66";"NAIPES 737 CARTAS (CAJA)";"12";"0.4391";"5";"5.01";"PROESCOLAR";"0.417145";"12";"0.542288";"0000-00-00 00:00:00";"0000-00-00 00:00:00";"A"
"67";"NORMOGRAFO TECNICO 0.5";"10";"1.1733";"5";"11.15";"PROESCOLAR";"1.11463";"10";"1.44903";"0000-00-00 00:00:00";"0000-00-00 00:00:00";"A"
"68";"PALOS DE HELADO BLANCO(FUNDA)";"12";"0.279";"5";"3.18";"PROESCOLAR";"0.26505";"12";"0.344565";"0000-00-00 00:00:00";"0000-00-00 00:00:00";"A"
"69";"PAPEL CARBON  1015 PELIKAN (100H)";"100";"0.053";"5";"5.04";"PROESCOLAR";"0.05035";"100";"0.065455";"0000-00-00 00:00:00";"0000-00-00 00:00:00";"A"
"70";"PAPEL CREPE PLIEGO (COLORES)";"100";"0.1746";"5";"16.59";"PROESCOLAR";"0.16587";"100";"0.215631";"0000-00-00 00:00:00";"0000-00-00 00:00:00";"A"
"71";"PAPEL MINISTRO 400H (RESMA)";"1";"6.69";"5";"6.36";;"6.3555";"1";"8.26215";"0000-00-00 00:00:00";"0000-00-00 00:00:00";"A"
"72";"PAPEL ORAPEL/METALIZADO (metro)";"18";"0.4151";"5";"7.1";"PROESCOLAR";"0.394345";"18";"0.512649";"0000-00-00 00:00:00";"0000-00-00 00:00:00";"A"
"73";"PAPEL PERIODICO PLIEGO 90X130";"50";"0.0699";"5";"3.32";"PROESCOLAR";"0.066405";"50";"0.0863265";"0000-00-00 00:00:00";"0000-00-00 00:00:00";"A"
"74";"PAPEL PLANO/CALCO";"50";"0.0599";"5";"2.85";;"0.056905";"50";"0.0739765";"0000-00-00 00:00:00";"0000-00-00 00:00:00";"A"
"75";"PEGA BARRA BESTER 10GR PEQUE?A";"12";"0.2852";"5";"3.25";"PROESCOLAR";"0.27094";"12";"0.352222";"0000-00-00 00:00:00";"0000-00-00 00:00:00";"A"
"76";"PEGA BARRA UHU 8.2GR PEQUE?A";"12";"0.7817";"5";"8.91";"PROESCOLAR";"0.742615";"12";"0.9654";"0000-00-00 00:00:00";"0000-00-00 00:00:00";"A"
"77";"PISTOLA SILICON JEFF PEQUE?O 10M";"6";"2.1122";"5";"12.04";"PROESCOLAR";"2.00659";"6";"2.60857";"0000-00-00 00:00:00";"0000-00-00 00:00:00";"A"
"78";"PLASTILINA PELIKAN X10 COLORES";"12";"0.5926";"5";"6.76";"PROESCOLAR";"0.56297";"12";"0.8";"0000-00-00 00:00:00";"2016-05-21 20:24:08";"A"
"79";"PORTA CARNET CON BINCHA ";"25";"0.275";"5";"6.53";"PROESCOLAR";"0.26125";"25";"0.339625";"0000-00-00 00:00:00";"0000-00-00 00:00:00";"A"
"80";"PORTAMINAS ROTRING 05 (ORIGONAL)";"6";"5.0607";"5";"28.85";"PROESCOLAR";"4.80766";"6";"6.24996";"0000-00-00 00:00:00";"0000-00-00 00:00:00";"A"
"81";"REGLA APOLO 30CM PLASTICO";"12";"0.206";"5";"2.35";"PROESCOLAR";"0.1957";"12";"0.25441";"0000-00-00 00:00:00";"0000-00-00 00:00:00";"A"
"82";"SACAPUNTA ALEMAN METAL 1 SERV";"20";"0.2632";"5";"5";;"0.25004";"20";"0.325052";"0000-00-00 00:00:00";"0000-00-00 00:00:00";"A"
"83";"SEPARADOR  BANDERIN MEMO TIP JADEL ";"6";"1.0765";"5";"6.14";"PROESCOLAR";"1.02268";"6";"1.32948";"0000-00-00 00:00:00";"0000-00-00 00:00:00";"A"
"84";"SILICONAS";"24";"0.25";"0";"6";"TEMPORADA";"0.25";"24";"0.325";"0000-00-00 00:00:00";"0000-00-00 00:00:00";"A"
"85";"SOBRE MANILA F5";"100";"0.0886";"5";"8.42";"PROESCOLAR";"0.08417";"100";"0.109421";"0000-00-00 00:00:00";"0000-00-00 00:00:00";"A"
"86";"TAYPE 19MM X 10YDS(COLORES)";"10";"0.316";"5";"3";"PROESCOLAR";"0.3002";"10";"0.39026";"0000-00-00 00:00:00";"0000-00-00 00:00:00";"A"
"87";"TEMPERA CARIOCA PINCEL + PALETA6PZ";"12";"1.1623";"5";"13.25";"PROESCOLAR";"1.10418";"12";"1.43544";"0000-00-00 00:00:00";"0000-00-00 00:00:00";"A"
"88";"TIZA UNIVERSIT. COLOR 144 UNIDAD";"1";"2.275";"5";"2.16";"PROESCOLAR";"2.16125";"1";"2.80962";"0000-00-00 00:00:00";"0000-00-00 00:00:00";"A"
"89";"CARPETA PERFIL A4 310 COLORES";"10";"0.2417";"5";"2.3";;"0.229615";"10";"0.298499";"0000-00-00 00:00:00";"0000-00-00 00:00:00";"A"
"90";"SILICONA LIQUINA PEQUE?A 30ML";"48";"0.2452";"5";"11.18";;"0.23294";"48";"0.302822";"0000-00-00 00:00:00";"0000-00-00 00:00:00";"A"
"91";"PAPEL BRILLANTE FUNDA A5";"50";"0.0921";"5";"4.37";;"0.087495";"50";"0.113743";"0000-00-00 00:00:00";"0000-00-00 00:00:00";"A"
"92";"GRADUADOR APOLO 360GRADOS";"25";"0.2578";"5";"6.12";;"0.24491";"25";"0.318383";"0000-00-00 00:00:00";"0000-00-00 00:00:00";"A"
"93";"CINTA SCOHT 12mm X 36 Y";"12";"0.25";"5";"15";;"0.25";"12";"0.25";"0000-00-00 00:00:00";"0000-00-00 00:00:00";"A"
"94";"Cuadernos de Dibujo";"100";"1";"0.05";"0";;"0";"100";"0";"2016-05-11 18:17:59";"2016-05-11 18:17:59";"A"
"97";"Goma Bioplast PequeÃ±a 50gr";"176";"0.1211";"0.05";"21.3136";;"0.115045";"176";"0.149558";"2016-05-11 18:46:54";"2016-05-11 18:46:54";"A"
"98";"Fomix Pliego 115 x 60 cm. (Colores)";"12";"1.1048";"0.05";"13.2576";;"1.04956";"12";"1.36443";"2016-05-11 18:54:31";"2016-05-11 18:54:31";"A"
"99";"PAPEL COPYLASER 75gr RESMA 500H";"20";"2.6";"0.05";"52";;"2.47";"20";"3.211";"2016-05-12 19:09:01";"2016-05-12 19:09:01";"A"
"100";"Compaz Lancer 1173";"1";"1.5";"0.01";"1.5";;"1.485";"1";"1.75";"2016-05-14 13:44:17";"2016-05-21 20:04:32";"A"
"101";"PEGA BARRA BESTER 21gr GRANDE";"36";"0.3866";"0.05";"13.9176";;"0.36727";"36";"0.477451";"2016-05-21 11:49:15";"2016-05-21 11:49:15";"A"
"102";"PEGA BARRA BESTER 36gr ";"36";"0.4716";"0.05";"16.9776";;"0.44802";"36";"0.582426";"2016-05-21 11:50:57";"2016-05-21 11:50:57";"A"
"103";"MARCADOR ACETATOS JEFF 2 PUNTAS(RJ AZ NG)";"12";"0.3797";"0.05";"4.5564";;"0.360715";"12";"0.468929";"2016-05-21 11:55:16";"2016-05-21 11:55:16";"A"
"104";"CD PRINCO TORRE";"100";"0.168";"0.05";"16.8";;"0.1596";"100";"0.20748";"2016-05-21 11:57:58";"2016-05-21 11:57:58";"A"
"105";"CD- DVD MATRIX TORRE";"100";"0.2049";"0.05";"20.49";;"0.194655";"100";"0.253051";"2016-05-21 11:58:54";"2016-05-21 11:58:54";"A"
"106";"MARCADOR LION NUMERADOS TODOS";"12";"0.8819";"0.05";"10.5828";;"0.837805";"12";"1.08915";"2016-05-21 11:59:56";"2016-05-21 11:59:56";"A"
"107";"CARTULINA BRISTOL INEN( A R V C B)";"400";"0.0205";"0.05";"8.2";;"0.019475";"400";"0.0253175";"2016-05-21 12:03:18";"2016-05-21 12:03:18";"A"
"108";"PAPEL MILIMETRADO A4 (Ng Az)";"100";"0.0125";"0.05";"1.25";;"0.011875";"100";"0.0154375";"2016-05-21 12:05:37";"2016-05-21 12:05:37";"A"
"109";"ESFERO PAPER MATE(Rs-Vl-An-Cl-Cf-Vr)";"60";"0.2672";"0.05";"16.032";;"0.25384";"60";"0.329992";"2016-05-21 12:08:11";"2016-05-21 12:08:11";"A"
"110";"RESALTADOR 222 PELIKAN";"20";"0.5744";"0.05";"11.488";;"0.54568";"20";"0.709384";"2016-05-21 12:09:44";"2016-05-21 12:09:58";"A"
"111";"SILICONA BARRA PEQUEÃ‘A";"68";"0.081";"0.05";"5.508";;"0.07695";"68";"0.100035";"2016-05-21 12:14:23";"2016-05-21 12:14:23";"A"
"112";"SILICONA LIQUIDA 60ML";"24";"0.3899";"0.05";"9.3576";;"0.370405";"24";"0.481526";"2016-05-21 12:27:49";"2016-05-21 12:27:49";"A"
"113";"TACHUELA DE COLORES LANCER X50PZ";"10";"0.192";"0.05";"1.92";;"0.1824";"10";"0.23712";"2016-05-21 12:31:27";"2016-05-21 12:31:27";"A"
"114";"TACHUELA PINES LANCER COLORES X100PZ (12)";"12";"0.6026";"0.05";"7.2312";;"0.57247";"12";"0.744211";"2016-05-21 12:34:00";"2016-05-21 12:34:00";"A"
"115";"GRAPAS EA-ALWIN N0. 26/6 1000u";"10";"0.186";"0.05";"1.86";;"0.1767";"10";"0.22971";"2016-05-21 12:35:25";"2016-05-21 12:35:25";"A"
"116";"GRAPAS EAGLE N0. 10  1000U";"10";"0.1133";"0.05";"1.133";;"0.107635";"10";"0.139925";"2016-05-21 12:36:46";"2016-05-21 12:36:46";"A"
"117";"TANGRAN MADERA 15 x 15 CM";"6";"0.8281";"0.05";"4.9686";;"0.786695";"6";"1.0227";"2016-05-21 12:38:35";"2016-05-21 12:38:35";"A"
"118";"CORCHO TAPON N0. 11";"50";"0.2038";"0.05";"10.19";;"0.19361";"50";"0.251693";"2016-05-21 12:39:30";"2016-05-21 12:39:30";"A"
"119";"PROTECTOR P/ CREDENCIAL 6 x 9 CM (100)";"100";"0.0949";"0.05";"9.49";;"0.090155";"100";"0.117201";"2016-05-21 12:40:52";"2016-05-21 12:40:52";"A"
"120";"CARTULINA NEGRA PLIEGO 100x70 CM";"50";"0.3181";"0.05";"15.905";;"0.302195";"50";"0.392853";"2016-05-21 12:41:51";"2016-05-21 12:41:51";"A"
"121";"PEGRA BRUJITA DURITA (12+2)";"24";"0.172";"0.05";"4.128";;"0.1634";"24";"0.21242";"2016-05-21 12:44:50";"2016-05-21 12:44:50";"A"
"122";"FLASH KINGSTON 8G";"6";"5.8826";"0.05";"35.2956";;"5.58847";"6";"7.26501";"2016-05-21 12:46:02";"2016-05-21 12:46:02";"A"
"123";"CARPETA SOBRE FUELLE DE CARTON";"12";"0.7043";"0.05";"8.4516";;"0.669085";"12";"0.869811";"2016-05-21 12:47:22";"2016-05-21 12:47:22";"A"
"124";"CARPETA SOBRE 209 + BROCHE";"10";"0.333";"0.05";"3.33";;"0.31635";"10";"0.411255";"2016-05-21 12:48:02";"2016-05-21 12:48:02";"A"
"125";"BORRADOR PZ-60 PELIKAN PEQUEÃ‘O";"60";"0.0951";"0.05";"5.706";;"0.090345";"60";"0.117449";"2016-05-21 20:07:39";"2016-05-21 20:07:39";"A"
"126";"ESFERO BIC CRISTAL";"48";"0.2146";"0.05";"10.3008";;"0.20387";"48";"0.265031";"2016-05-21 20:14:20";"2016-05-21 20:14:20";"A"
"127";"LAPIZ ROJO ARTESCO";"12";"0.2229";"0.05";"2.6748";;"0.211755";"12";"0.275281";"2016-05-21 20:17:13";"2016-05-21 20:17:13";"A"
"128";"CARPETA CARTON NACIONAL";"100";"0.1164";"0.05";"11.64";;"0.11058";"100";"0.25";"2016-05-21 20:18:29";"2016-05-21 20:18:52";"A"
"129";"COLOR CARIOCA 12 CORTA 12PZ";"24";"0.6429";"0.05";"15.4296";;"0.610755";"24";"0.793981";"2016-05-21 20:20:59";"2016-05-21 20:20:59";"A"
"130";"COLOR CARIOCA LARGA 12PZ";"24";"1.229";"0.05";"29.496";;"1.16755";"24";"1.5";"2016-05-21 20:22:13";"2016-05-21 20:22:41";"A"
"131";"CORRECTOR QN MINI PASSOLA";"12";"0.2955";"0.05";"3.546";;"0.280725";"12";"0.364942";"2016-05-21 20:27:24";"2016-05-21 20:27:42";"A"
"132";"PAPEL REGALO T OCACION BERNIC";"50";"0.066";"0.05";"3.3";;"0.0627";"50";"0.08151";"2016-05-21 20:29:15";"2016-05-21 20:29:15";"A"
"133";"ARCHIVADOR ECUTELEGRAMA BENE ";"12";"1.3898";"0.05";"16.6776";;"1.32031";"12";"1.7164";"2016-05-21 20:33:12";"2016-05-21 20:33:12";"A"
"134";"ARCHIVADOR ECOL BENE OFICIO";"12";"1.53";"0.05";"18.36";;"1.4535";"12";"1.88955";"2016-05-21 20:34:40";"2016-05-21 20:34:40";"A"
"135";"FOMIX ESCHADO ADESIVO";"40";"0.2998";"0.05";"11.992";;"0.28481";"40";"0.370253";"2016-05-21 20:35:27";"2016-05-21 20:35:27";"A"
"136";"TROMPO MADERA + PIOLA";"10";"1.04";"0.05";"10.4";;"0.988";"10";"1.2844";"2016-05-21 20:39:05";"2016-05-21 20:39:05";"A"
"137";"ESPUMAFLEX BOLA N0. 2";"50";"0.0569";"0.05";"2.845";;"0.054055";"50";"0.0702715";"2016-05-21 20:48:07";"2016-05-21 20:48:07";"A"
"138";"CRAYON PELIKAN JUM TRIANGULAR 12PZ";"6";"1.9867";"0.05";"11.9202";;"1.88736";"6";"2.25";"2016-05-21 20:49:20";"2016-05-21 20:49:55";"A"
"139";"TIJERA PUNTA REDONDA ESCOLAR KS";"48";"0.229";"0.05";"10.992";;"0.21755";"48";"0.282815";"2016-05-21 20:53:12";"2016-05-21 20:53:12";"A"
"140";"BOLA ESARTAR CUNTAS N0.20";"600";"0.0269";"0.05";"16.14";;"0.025555";"600";"0.0332215";"2016-05-21 20:55:05";"2016-05-21 20:55:05";"A"
"141";"REGLA T APOLO 45CM PLATICO";"12";"0.5948";"0.05";"7.1376";;"0.56506";"12";"0.734578";"2016-05-21 20:56:34";"2016-05-21 20:56:34";"A"
"142";"PORTAMINAS LT 828 GRIP";"48";"0.2437";"0.05";"11.6976";;"0.231515";"48";"0.30097";"2016-05-21 20:57:40";"2016-05-21 20:57:40";"A"
"143";"NORMOGRAFO TECNICO 0.4";"10";"1.1733";"0.05";"11.733";;"1.11463";"10";"1.44903";"2016-05-21 20:58:39";"2016-05-21 20:58:39";"A"
"144";"FUNDA REGALO 03 LARTGE T";"12";"0.4432";"0.05";"5.3184";;"0.42104";"12";"0.547352";"2016-05-21 21:00:14";"2016-05-21 21:00:14";"A"
"145";"ALMOHADILLA ENTINTANDA LANCER";"6";"0.654";"0.05";"3.924";;"0.6213";"6";"0.8";"2016-05-23 10:02:10";"2016-05-23 10:04:49";"A"
"146";"APOYAMANO CARIOCA A4/INEN";"6";"1.8413";"0.05";"11.0478";;"1.74924";"6";"2.25";"2016-05-23 10:07:35";"2016-05-23 10:08:20";"A"
"147";"MARCADOR CARIOCA 12 PZ.";"24";"0.9937";"0.05";"23.8488";;"0.944015";"24";"1.22722";"2016-05-23 11:18:53";"2016-05-23 11:18:53";"A"
"148";"PLASTILINA CARIOCA CORTA 8C";"24";"0.22";"0.05";"5.28";;"0.209";"24";"0.2717";"2016-05-23 11:26:05";"2016-05-23 11:26:05";"A"
"149";"COMPAS LANCER 704 ARTICULADO + ADAPTADOR";"12";"1.5556";"0.05";"18.6672";;"1.47782";"12";"1.92117";"2016-05-23 11:38:07";"2016-05-23 11:38:07";"A"
"150";"COLOR PELIKAN CORTA 12PZ";"12";"1.386";"0.05";"16.632";;"1.3167";"12";"1.71171";"2016-05-23 11:43:32";"2016-05-23 11:43:32";"A"
